"Designator","Footprint","Mid X","Mid Y","Ref X","Ref Y","Pad X","Pad Y","Layer","Rotation","Comment"
""
"U19","UTQFN-1.8¡¿1.8-12L","21.8mm","-10.7mm","21.8mm","-10.7mm","21.6mm","-9.5mm","B","270.00","SGM4574YUQN12G/TR"
"C42","CS-1005","11.7mm","-14.2mm","11.7mm","-14.2mm","11.7mm","-13.75mm","T","270.00","0.1uF"
"C41","CS-1005","10.5mm","-14.2mm","10.5mm","-14.2mm","10.5mm","-13.75mm","T","270.00","0.1uF"
"C40","CS-1005","9.3mm","-14.2mm","9.3mm","-14.2mm","9.3mm","-13.75mm","T","270.00","0.1uF"
"C39","CS-1005","8.1mm","-14.2mm","8.1mm","-14.2mm","8.1mm","-13.75mm","T","270.00","0.1uF"
"FB11","LS-1608","10.9mm","-3.6mm","10.9mm","-3.6mm","10.138mm","-3.6mm","B","360.00","220R//NI"
"Y1","SX-32","7.1236mm","-5.3612mm","7.1236mm","-5.3612mm","6.3736mm","-4.2611mm","T","90.00","25MHz-S20P-SX32"
"U16","TSSOP8-M","-20.9mm","-15.225mm","-20.9mm","-15.225mm","-18.75mm","-16.2mm","T","90.00","DS1339U-33"
"U12","SOT23-6","-15.6mm","-6.7mm","-15.6mm","-6.7mm","-16.9mm","-5.75mm","T","90.00","TPS61165DBVR"
"U11","SOT-23-5P","2.5961mm","-5.0017mm","2.5961mm","-5.0017mm","3.9461mm","-4.0517mm","B","270.00","SGM2036-1.2YN5G/TR"
"U4","QFN48_6x6","16.0678mm","-4mm","16.0678mm","-4mm","13.8678mm","-7mm","T","90.00","YT8521SH"
"TVS2","SOD-523","-5.1mm","1.4mm","-5.1mm","1.4mm","-5.1mm","2.11mm","T","90.00","ESD5B5.0ST1G"
"TVS1","SOD-523","-16.2mm","1.7mm","-16.2mm","1.7mm","-16.2mm","2.41mm","T","90.00","ESD5B5.0ST1G"
"TP4","TP_0.8_SMD","-21.5mm","-9.75mm","-21.5mm","-9.75mm","-21.5mm","-9.75mm","B","90.00","TPS"
"TP3","TP_0.8_SMD","26.2mm","-9.1mm","26.2mm","-9.1mm","26.2mm","-9.1mm","B","90.00","TPS"
"TP2","TP_0.8_SMD","-27.04mm","-8.75mm","-27.04mm","-8.75mm","-27.04mm","-8.75mm","B","90.00","TPS"
"TP1","TP_0.8_SMD","-27.04mm","-11.75mm","-27.04mm","-11.75mm","-27.04mm","-11.75mm","B","90.00","TPS"
"T1","TRC41604NL","0mm","-12.8mm","0mm","-12.8mm","4.4363mm","-8.355mm","T","180.00","TRC41604NL"
"SW1","SWOP-2","26.5mm","8.3mm","26.5mm","8.3mm","25.37mm","6.32mm","B","90.00","SW PB"
"R75","RS-1005","-19.6601mm","4.1899mm","-19.6601mm","4.1899mm","-20.1101mm","4.1899mm","B","360.00","10K"
"R74","RS-1005","-19.6601mm","-0.7053mm","-19.6601mm","-0.7053mm","-20.1101mm","-0.7053mm","B","360.00","10K"
"R73","RS-1005","-19.6601mm","-1.9082mm","-19.6601mm","-1.9082mm","-20.1101mm","-1.9082mm","B","360.00","10K"
"R72","RS-1005","-19.6601mm","0.5244mm","-19.6601mm","0.5244mm","-20.1101mm","0.5244mm","B","360.00","10K"
"R71","RS-1005","-19.6601mm","1.7513mm","-19.6601mm","1.7513mm","-20.1101mm","1.7513mm","B","360.00","10K"
"R67","RS-1005","-19.4mm","-6.3mm","-19.4mm","-6.3mm","-18.95mm","-6.3mm","T","180.00","22"
"R66","RS-1005","-19.6601mm","-5.5mm","-19.6601mm","-5.5mm","-20.1101mm","-5.5mm","B","360.00","10K"
"R56","RS-1005","3.8051mm","0.1419mm","3.8051mm","0.1419mm","3.3551mm","0.1419mm","T","360.00","36.5K, 1%"
"R55","RS-1005","4.28mm","-0.1362mm","4.28mm","-0.1362mm","4.28mm","0.3138mm","B","270.00","22"
"R54","RS-1005","3.7903mm","2.5493mm","3.7903mm","2.5493mm","4.2403mm","2.5493mm","T","180.00","4.7K"
"R53","RS-1005","3.8051mm","1.3662mm","3.8051mm","1.3662mm","4.2551mm","1.3662mm","T","180.00","4.7K"
"R52","RS-1005","-7.7553mm","-18.0474mm","-7.7553mm","-18.0474mm","-8.2053mm","-18.0474mm","T","360.00","75"
"R51","RS-1005","7.6453mm","-18.0474mm","7.6453mm","-18.0474mm","8.0953mm","-18.0474mm","T","180.00","75"
"R50","RS-1005","12.573mm","4.973mm","12.573mm","4.973mm","12.573mm","4.523mm","T","90.00","4.7K"
"R49","RS-1005","8.3mm","-11.3mm","8.3mm","-11.3mm","8.75mm","-11.3mm","B","180.00","0//NI"
"R48","RS-1005","8.9482mm","4.973mm","8.9482mm","4.973mm","8.9482mm","5.423mm","T","270.00","4.7K"
"R46","RS-1005","19.2mm","-10mm","19.2mm","-10mm","19.2mm","-10.45mm","B","90.00","10K"
"R44","RS-1005","19.6623mm","-8.135mm","19.6623mm","-8.135mm","19.2123mm","-8.135mm","B","360.00","40.2K"
"R42","RS-1005","22.4mm","-0.6mm","22.4mm","-0.6mm","22.4mm","-1.05mm","B","90.00","4.7K"
"R41","RS-1005","18.05mm","-11.6mm","18.05mm","-11.6mm","18.5mm","-11.6mm","B","180.00","2.2K"
"R32","RS-1005","11.8356mm","-7.7mm","11.8356mm","-7.7mm","11.8356mm","-8.15mm","T","90.00","2.49K, 1%"
"R28","RS-1005","23mm","-6.7mm","23mm","-6.7mm","23.45mm","-6.7mm","B","180.00","4.7K"
"R27","RS-1005","23mm","-7.9mm","23mm","-7.9mm","23.45mm","-7.9mm","B","180.00","4.7K"
"R16","RS-1005","-26.3394mm","13.2169mm","-26.3394mm","13.2169mm","-26.7894mm","13.2169mm","B","0.00","2.2K"
"R12","RS-1005","-20.4478mm","10.8728mm","-20.4478mm","10.8728mm","-19.9978mm","10.8728mm","B","180.00","45K, 1%"
"R11","RS-1005","-19.6503mm","17.5642mm","-19.6503mm","17.5642mm","-19.2003mm","17.5642mm","B","180.00","100K"
"R10","RS-1005","13.444mm","-15.181mm","13.444mm","-15.181mm","13.444mm","-14.731mm","T","270.00","4.7K"
"R9","RS-1005","15.861mm","-15.181mm","15.861mm","-15.181mm","15.861mm","-14.731mm","T","270.00","4.7K"
"R8","RS-1005","14.644mm","-15.181mm","14.644mm","-15.181mm","14.644mm","-14.731mm","T","270.00","4.7K"
"R7","RS-1005","21.7mm","8.5mm","21.7mm","8.5mm","21.25mm","8.5mm","B","360.00","0"
"R6","RS-1005","19.5mm","8.5mm","19.5mm","8.5mm","19.95mm","8.5mm","B","180.00","10K"
"R5","RS-1005","10.1424mm","4.973mm","10.1424mm","4.973mm","10.1424mm","5.423mm","T","270.00","10K"
"R4","RS-1005","20.6mm","11.5mm","20.6mm","11.5mm","20.15mm","11.5mm","T","360.00","10K"
"R3","RS-1005","11.3444mm","4.973mm","11.3444mm","4.973mm","11.3444mm","5.423mm","T","270.00","10K"
"R2","RS-1005","8.4mm","13.1mm","8.4mm","13.1mm","8.4mm","12.65mm","T","90.00","2.2K"
"R1","RS-1005","15.4mm","14.5mm","15.4mm","14.5mm","15.4mm","14.05mm","T","90.00","2.2K"
"Q2","SOT-23","8.7076mm","10.1949mm","8.7mm","10.2mm","9.8544mm","9.2411mm","T","180.00","MMBT6427"
"Q1","SOT-23","19.0076mm","13.9949mm","19mm","14mm","20.1544mm","13.0412mm","T","180.00","MMBT6427"
"OSC1","SX-32","5.0377mm","3.0854mm","5.0377mm","3.0854mm","5.7877mm","4.1854mm","B","90.00","24Mhz-SX32-1.8V"
"MH4","VA-2.2","27.3mm","16.3mm","27.3mm","16.3mm","27.3mm","16.3mm","T","0.00","4.04pi"
"MH3","VA-2.2","27.3mm","-16.3mm","27.3mm","-16.3mm","27.3mm","-16.3mm","T","0.00","4.04pi"
"MH2","VA-2.2","-27.3mm","-16.3mm","-27.3mm","-16.3mm","-27.3mm","-16.3mm","T","0.00","4.04pi"
"MH1","VA-2.2","-27.3mm","16.3mm","-27.3mm","16.3mm","-27.3mm","16.3mm","T","0.00","4.04pi"
"L5","LS-2012","-15.7mm","-9.9mm","-15.7mm","-9.9mm","-16.7795mm","-9.9mm","T","0.00","10uH"
"L4","CDRH2D14NP","16.6mm","4.2mm","16.6mm","4.2mm","17.7mm","5.3mm","T","360.00","CDRH2D14NP-2R2NC"
"L2","CDRH2D14NP","10mm","12.1mm","10mm","12.1mm","8.9mm","13.2mm","B","180.00","CDRH2D14NP-2R2NC"
"J10","CON_u-SD","-11.6083mm","9.6681mm","-13.8659mm","4.4118mm","-13.8659mm","4.4118mm","T","0.00","112J-TXAR-R"
"J6","TP_HEADER_6","19mm","-17.1mm","19mm","-17.1mm","15.875mm","-17.1mm","T","360.00","6pin 2.54mm//NI"
"J4","PH-2PSM","21.7mm","17mm","21.7mm","17mm","22.97mm","17mm","B","90.00","PH-2PSM//NI"
"J3","12505WR-8P","0mm","-15.7084mm","0mm","-15.7084mm","-4.375mm","-14.2584mm","B","180.00","12505WR-08"
"J2","BTB2X50-050-M-SMD","-26.37mm","0mm","-26.37mm","0mm","-27.62mm","13.2mm","T","180.00","LB208-G100P-BOR"
"J1","BTB2X50-050-F-SMD","26.37mm","0mm","26.37mm","0mm","24.645mm","-12.25mm","T","180.00","LB222-G100S-BOR"
"FB7","LS-1608","-0.8mm","10.2mm","-0.8mm","10.2mm","-0.8mm","10.962mm","T","270.00","220R//NI"
"FB6","LS-1608","-2.3mm","10.2mm","-2.3mm","10.2mm","-2.3mm","10.962mm","T","270.00","220R"
"FB3","LS-1608","17.2mm","1.5mm","17.2mm","1.5mm","17.2mm","2.262mm","B","270.00","220R"
"FB2","LS-1608","14.7mm","-11mm","14.7mm","-11mm","15.462mm","-11mm","B","180.00","220R"
"FB1","LS-1608","13.2mm","9.3mm","13.2mm","9.3mm","13.2mm","10.062mm","T","270.00","220R"
"D3","SOT-23","16.9076mm","16.9051mm","16.9mm","16.9mm","18.0544mm","17.8589mm","B","180.00","BAT54A"
"D2","SOD-106","-8.7mm","-11.6mm","-8.7mm","-11.6mm","-6.5mm","-11.6mm","B","180.00","RB051L-40"
"C36","CS-1608","-14.6mm","1.6mm","-14.6mm","1.6mm","-14.6mm","2.4001mm","T","270.00","22uF"
"C35","CS-1005","-13.1268mm","1.9106mm","-13.1268mm","1.9106mm","-13.1268mm","2.3606mm","T","270.00","0.1uF"
"C34","CS-1005","-11.3mm","-6.7mm","-11.3mm","-6.7mm","-10.85mm","-6.7mm","T","180.00","220nF"
"C33","C3216","-9.4mm","-12.7mm","-9.4mm","-12.7mm","-11mm","-12.7mm","T","360.00","4.7uF-25V-3216"
"C32","CS-1005","-16.9mm","-3.9mm","-16.9mm","-3.9mm","-16.9mm","-4.35mm","T","90.00","1uF"
"C31","CS-1005","-0.5089mm","-6.217mm","-0.5089mm","-6.217mm","-0.9588mm","-6.217mm","B","360.00","10nF"
"C27","CS-1005","2.2843mm","6.0787mm","2.2843mm","6.0787mm","2.7343mm","6.0787mm","B","180.00","10nF"
"C26","CS-1005","1.8892mm","-0.5867mm","1.8892mm","-0.5867mm","1.8892mm","-0.1367mm","T","270.00","18pF"
"C25","CS-1005","0.6172mm","2.199mm","0.6172mm","2.199mm","0.6172mm","1.749mm","T","90.00","1uF"
"C24","CS-1005","-1.4028mm","-4.5153mm","-1.4028mm","-4.5153mm","-1.4028mm","-4.9653mm","B","90.00","1uF"
"C23","CS-1005","4.0068mm","-2.5812mm","4.0068mm","-2.5812mm","4.4568mm","-2.5812mm","T","180.00","1uF"
"C22","CS-1005","-9.71mm","-18.0474mm","-9.71mm","-18.0474mm","-9.26mm","-18.0474mm","T","180.00","0.1uF"
"C21","CS-1005","9.6mm","-18.0474mm","9.6mm","-18.0474mm","9.15mm","-18.0474mm","T","360.00","0.1uF"
"C20","CS-1005","-6.6mm","-6.9mm","-6.6mm","-6.9mm","-6.15mm","-6.9mm","T","180.00","0.1uF"
"C19","CS-1005","19.4mm","-9.5mm","19.4mm","-9.5mm","19.85mm","-9.5mm","T","180.00","0.1uF"
"C18","CS-1005","9.513mm","-6.9121mm","9.513mm","-6.9121mm","9.513mm","-7.3621mm","T","90.00","12pF"
"C17","CS-1005","9.5049mm","-4.9066mm","9.5049mm","-4.9066mm","9.5049mm","-4.4566mm","T","270.00","12pF"
"C10","CS-1005","-24.2394mm","13.2169mm","-24.2394mm","13.2169mm","-23.7894mm","13.2169mm","B","180.00","3.3nF"
"C9","CS-1005","-22.2mm","17.9mm","-22.2mm","17.9mm","-22.2mm","17.45mm","B","90.00","0.1uF"
"C8","CS-1005","-17.7562mm","10.8887mm","-17.7562mm","10.8887mm","-18.2062mm","10.8887mm","B","360.00","0.1uF"
"C7","CS-2012","16mm","11.6mm","16mm","11.6mm","14.9205mm","11.6mm","B","360.00","22uF-6.3V"
"C6","CS-1005","12.773mm","15.483mm","12.773mm","15.483mm","13.223mm","15.483mm","B","180.00","22pF"
"C4","CS-2012","-2.2189mm","14.3648mm","-2.2189mm","14.3648mm","-2.2189mm","15.4443mm","B","270.00","22uF-6.3V"
"C3","CS-1005","-15.0854mm","17.4853mm","-15.0854mm","17.4853mm","-15.5354mm","17.4853mm","B","360.00","10nF"
"C2","CS-1005","23.4mm","9mm","23.4mm","9mm","23.4mm","8.55mm","B","90.00","1nF/NI"
"C1","CS-1005","22.3mm","6.6mm","22.3mm","6.6mm","21.85mm","6.6mm","B","360.00","0.1uF"
"BC27","CS-1005","-23mm","-17.7mm","-23mm","-17.7mm","-23mm","-18.15mm","T","90.00","0.1uF"
"BC26","CS-1005","4.0068mm","-4.0517mm","4.0068mm","-4.0517mm","4.4568mm","-4.0517mm","T","180.00","0.1uF"
"BC25","CS-1005","-0.1549mm","-4.5038mm","-0.1549mm","-4.5038mm","-0.1549mm","-4.9539mm","B","90.00","1uF"
"BC24","CS-1005","3.8mm","4.1mm","3.8mm","4.1mm","3.35mm","4.1mm","T","360.00","1uF"
"BC20","CS-1005","2.2922mm","4.1653mm","2.2922mm","4.1653mm","2.7422mm","4.1653mm","B","180.00","1uF"
"BC19","CTS-3216","0.5811mm","5.8367mm","0.5811mm","5.8367mm","0.5811mm","4.5667mm","T","90.00","22uF"
"BC18","CS-1005","4.6085mm","-1.8067mm","4.6085mm","-1.8067mm","5.0585mm","-1.8067mm","B","180.00","1uF"
"BC17","CS-1608","20.2mm","5.3mm","20.2mm","5.3mm","19.3999mm","5.3mm","T","360.00","10uF"
"BC16","CS-1005","17.0678mm","-6.8mm","17.0678mm","-6.8mm","17.0678mm","-7.25mm","B","90.00","0.1uF"
"BC15","CS-1005","15.0678mm","-6.8mm","15.0678mm","-6.8mm","15.0678mm","-7.25mm","B","90.00","0.1uF"
"BC14","CS-1005","10.764mm","-5.5459mm","10.764mm","-5.5459mm","11.214mm","-5.5459mm","B","180.00","0.1uF"
"BC13","CS-1005","15.7mm","2.6mm","15.7mm","2.6mm","15.7mm","2.15mm","B","90.00","0.1uF"
"BC12","CS-1005","18.8mm","-2.4mm","18.8mm","-2.4mm","19.25mm","-2.4mm","B","180.00","0.1uF"
"BC11","CS-1608","20.3mm","2.3mm","20.3mm","2.3mm","20.3mm","1.4999mm","T","90.00","10uF"
"BC10","CS-1005","21.3mm","1.7mm","21.3mm","1.7mm","21.3mm","1.25mm","B","90.00","0.1uF"
"BC9","CS-1005","13.9mm","-6.8mm","13.9mm","-6.8mm","13.9mm","-7.25mm","B","90.00","0.1uF"
"BC8","CS-1005","18.8178mm","-5.9mm","18.8178mm","-5.9mm","18.8178mm","-6.35mm","B","90.00","0.1uF"
"BC7","CS-1608","14.7mm","-9.4mm","14.7mm","-9.4mm","13.8999mm","-9.4mm","B","360.00","10uF"
"BC6","CS-1608","15.7mm","8.5mm","15.7mm","8.5mm","14.8999mm","8.5mm","T","360.00","10uF"
"BC5","CS-1005","14.2877mm","5.862mm","14.2877mm","5.862mm","13.8377mm","5.862mm","B","360.00","0.1uF"
"BC4","CS-1005","16.0632mm","-1.4034mm","16.0632mm","-1.4034mm","16.0632mm","-0.9534mm","B","270.00","0.1uF"
"BC3","CS-1608","15.7mm","11.6mm","15.7mm","11.6mm","16.5001mm","11.6mm","T","180.00","1uF"
"BC2","CS-1608","8.173mm","16.15mm","8.173mm","16.15mm","8.173mm","15.3499mm","T","90.00","0.1uF"
"BC1","CS-1005","12.4mm","-16.7mm","12.4mm","-16.7mm","12.4mm","-16.25mm","B","270.00","0.1uF"
"BAT1","BAT-CN048S","-18.0899mm","-14.7781mm","-18.0899mm","-14.7781mm","-13.1149mm","-14.7781mm","B","90.00","CN048S-0005//SMD_BAT_HOLDER"
"J5","12505WS-4P","19.5mm","-15.6084mm","19.5mm","-15.6084mm","17.625mm","-14.0584mm","B","180.00","12505WR-4P"
"R30","RS-1005","23.6mm","-0.6mm","23.6mm","-0.6mm","23.6mm","-0.15mm","B","270.00","4.7K"
"R29","RS-1005","27.1mm","-2.8mm","27.1mm","-2.8mm","27.55mm","-2.8mm","B","180.00","4.7K"
"R31","RS-1005","27.1mm","-1.3mm","27.1mm","-1.3mm","27.55mm","-1.3mm","B","180.00","4.7K"
"R36","RS-1005","20mm","1.7mm","20mm","1.7mm","20mm","2.15mm","B","270.00","4.7K"
"R38","RS-1005","18.8mm","1.7mm","18.8mm","1.7mm","18.8mm","2.15mm","B","270.00","4.7K"
"R34","RS-1005","13.7797mm","4.973mm","13.7797mm","4.973mm","13.7797mm","5.423mm","T","270.00","4.7K"
"R70","RS-1005","-19.6601mm","5.4mm","-19.6601mm","5.4mm","-20.1101mm","5.4mm","B","360.00","10K"
"FB8","LS-1608","4mm","8mm","4mm","8mm","4mm","7.238mm","T","90.00","220R//NI"
"L1","CDRH5D18NP","-10.7081mm","15.0546mm","-10.7081mm","15.0546mm","-12.7831mm","15.0546mm","B","180.00","CDRH5D18NP-100NC-10uH"
"R15","RS-1005","12.773mm","17.923mm","12.773mm","17.923mm","13.223mm","17.923mm","B","180.00","33.3K, 1%"
"BC21","CS-1005","-1.6708mm","6.7728mm","-1.6708mm","6.7728mm","-2.1208mm","6.7728mm","T","360.00","0.1uF"
"BC28","CS-1608","0.5mm","16.15mm","0.5mm","16.15mm","0.5mm","15.3499mm","T","90.00","0.1uF"
"BC29","CS-1608","2.1mm","10.6mm","2.1mm","10.6mm","1.2999mm","10.6mm","T","360.00","1uF"
"C5","CS-2012","-4.625mm","14.3648mm","-4.625mm","14.3648mm","-4.625mm","15.4443mm","B","270.00","22uF-6.3V"
"C11","C3216","-10.7mm","-15.9mm","-10.7mm","-15.9mm","-10.7mm","-14.3mm","B","270.00","4.7uF-25V-3216"
"C28","CS-1005","5.1156mm","15.483mm","5.1156mm","15.483mm","5.5656mm","15.483mm","B","180.00","22pF"
"C38","CS-2012","5.8mm","11.7mm","5.8mm","11.7mm","5.8mm","10.6205mm","B","90.00","22uF-6.3V"
"D4","PowerDI123","-15.2125mm","-12.6717mm","-14.9mm","-12.6717mm","-16.75mm","-12.6717mm","T","180.00","DFLS140"
"FB4","LS-1608","13.6mm","-4.2755mm","13.6mm","-4.2755mm","13.6mm","-3.5135mm","B","270.00","220R"
"FB9","LS-1608","-24.645mm","-11.75mm","-24.645mm","-11.75mm","-23.883mm","-11.75mm","B","180.00","220R//NI"
"FB10","LS-1608","-24.645mm","-10.25mm","-24.645mm","-10.25mm","-23.883mm","-10.25mm","B","180.00","220R//NI"
"J7","LENS_HOLDER_C_SQUARE","0mm","-0.1mm","0mm","-0.1mm","10mm","-0.1mm","B","180.00","Lens Holder"
"L6","CDRH2D14NP","2.4mm","12.1mm","2.4mm","12.1mm","1.3mm","13.2mm","B","180.00","CDRH2D14NP-2R2NC"
"LD1","LED-3030","-11mm","-8mm","-11mm","-8mm","-9.7mm","-8mm","B","180.00","LED3030"
"LD2","LED-3030","-11mm","8mm","-11mm","8mm","-12.3mm","8mm","B","360.00","LED3030"
"LD3","LED-3030","11mm","8mm","11mm","8mm","9.7mm","8mm","B","360.00","LED3030"
"LD4","LED-3030","11mm","-8mm","11mm","-8mm","12.3mm","-8mm","B","180.00","LED3030"
"R13","RS-1005","12.773mm","16.7031mm","12.773mm","16.7031mm","12.323mm","16.7031mm","B","0.00","150K, 1%"
"R17","RS-1005","-22.0676mm","10.4441mm","-22.0676mm","10.4441mm","-22.0676mm","9.9941mm","B","90.00","10K, 1%"
"R58","RS-1005","5.1156mm","16.7031mm","5.1156mm","16.7031mm","4.6656mm","16.7031mm","B","360.00","150K, 1%"
"R61","RS-1005","5.1156mm","17.923mm","5.1156mm","17.923mm","5.5656mm","17.923mm","B","180.00","75K,1%"
"R68","RS-1608","-14.3mm","-2.6mm","-14.3mm","-2.6mm","-14.3mm","-3.4001mm","T","90.00","1, 1%"
"R76","RS-1005","-19.6601mm","2.9704mm","-19.6601mm","2.9704mm","-20.1101mm","2.9704mm","B","360.00","10K"
"U1","SOT-23-5P","9.873mm","16.423mm","9.873mm","16.423mm","10.823mm","15.073mm","B","180.00","AME5253-AEVADJ"
"U8","SOT-23-5P","-0.7092mm","5.1337mm","-0.7092mm","5.1337mm","-2.0592mm","4.1837mm","B","90.00","SGM2036-2.8YN5G/TR"
"U13","SOIC-8","-19.414mm","14.234mm","-19.4mm","14.2mm","-16.62mm","16.1391mm","B","270.00","MP1482"
"U17","IMX219PLCC","0mm","0mm","0mm","0mm","0mm","-2.4mm","B","180.00","IMX219PLCC"
"U18","SOT-23-5P","2.2mm","16.423mm","2.2mm","16.423mm","3.15mm","15.073mm","B","180.00","AME5253-AEVADJ"
"Y2","XTS-MC-146","-12.5mm","-15.9mm","-12.5mm","-15.9mm","-15.65mm","-16.32mm","T","360.00","32.768KHz-MC-146-7pF"

